{
    "dataNotFound": "ERROR No data found.",
    "unableToUpdateCollection": "ERROR Unable to update collection.",
    "unableToRemoveCollection": "ERROR Unable to remove collection.",
    "unableToAddCollaborator": "ERROR Unbale to add new collaborator.",
    "unableToRemoveCollaborator": "ERROR Unbale to remove collaborator.",
    "invalidCollectionId": "ERROR Invalid collection id.",
    "invalidNFT": "ERROR Invalid NFT.",
    "duplicateVariant": "ERROR Duplicate NFT variant.",
    "duplicateCollection": "ERROR Duplicate collection.",
    "duplicateLayer": "ERROR Duplicate Layer.",
    "duplicateNFT": "ERROR Duplicate NFT.",
    "invalidCollection": "ERROR Invalid collection",
    "missingParams": "ERROR Parameter missing.",
    "unableToUpdateLayer": "ERROR Unable to update layer.",
    "unableToUpdateVariant": "ERROR Unable to update varient.",
    "unableToRemoveLayer": "ERROR Unable to remove layer.",
    "unableToRemoveVariant": "ERROR Unable to remove variant.",
    "alreadyAvailable": "ERROR Collection already available with this name",
    "recordAlreadyAvailable": "ERROR Record alredy available with this name",
    "emailRequired": "ERROR Email required.",
    "imageRequired": "ERROR Image required.",
    "collectionNotFound": "ERROR Collection Not Found.",
    "creatorNotFound": "ERROR Creator Not Found.",
    "badRequest": "ERROR Bad Request.",
    "alreadyExist": "ERROR Record Aready Exist.",
    "imageNotFount": "ERROR Image Not Found.",
    "typeMismatch": "ERROR Type Not Matched.",
    "invalidRequest": "ERROR Invalid Request Data.",
    "duplicateMessage": "ERROR Record already exist.",
    "unableToCreateFiles": "ERROR To create generate file systems"

}