{
    "creatorParams": ["username","firstname","lastname","email","password","dob"],
    "createCollection": ["name"],
    "updateCollections": ["collection_id"],
    "removeCollection": ["collection_id"],
    "addCollaborator": ["collection_id", "email"],
    "removeCollaborator": ["collection_id", "creator_id"],
    "createNFT": ["name", "collection_id"],
    "createVariant": ["name", "layer_id", "rarity"],
    "updateLayer": ["layer_id"],
    "removeLayer": ["layer_id"],
    "updateVariant": ["variation_id"],
    "removeVariant": ["variation_id"],
    "createLayer": ["name", "collection_id"],
    "variationImage": ["variation_id", "type"],
    "variationImageType": ["Standalone", "Combined"],
    "creatorById": ["human_readable_id"],
    "generateImage": ["image_batch_id", "number", "name_prefix", "numbering_offset"],
    "getImageBatches": ["collection_id", "image_batch_id"],
    "deleteImageBatch": ["image_batch_id"],
    "createBatch": ["name", "collection_id"],
    "updateImageBatch": ["name"],
    "getImages": ["image_id", "image_batch_id"],
    "deleteImage": ["image_id"],
    "generationStatus": ["image_batch_id"],
    "createImage": ["image_batch_id","metadata","num_editions"],
    "updateImageInfo":["image_id"],
    "updateImage":["image_id"]


}