{
    "collectionCreated": "Collection successfully created.",
    "collectionFound": "Collection found successfully.",
    "collectionUpdated": "Collection updated successfully.",
    "collectionRemoved": "Collection removed successfully.",
    "collaboratorAdded": "Collaborator successfully added.",
    "collaboratorRemoved": "Collaborator successfully removed.",
    "NFTCreated": "NFT variant successfully created.",
    "layerCreated": "NFT Layer successfully created.",
    "variantCreated": "NFT variant successfully created.",
    "dataFound": "Data found successfully.",
    "layerUpdated": "Layer updated successfully.",
    "layerRemoved": "Collection removed successfully.",
    "variantUpdated": "Variant updated successfully.",
    "variantRemoved": "Variant removed successfully.",
    "layerFound": "Layer found successfully.",
    "variantFound": "Variant found successfully.",
    "creatorFound": "Creator found successfully.",
    "createdMessage": "Record successfully created.",
    "foundMessage": "Record found successfully.",
    "deleteMessage": "Record deleted successfully.",
    "imageGenerationSetup": "Image Generation Setup successfully.",
    "updateMessage": "Record updated successfully.",
    "generationStatus": "Status found successfully.",
    "imageCreated": "Image Created successfully",
    "imageInfoUpdated":"Image Info Updated successfully",
    "imageUpdated":"Image Updated successfully"

}